요일,시간대,카테고리,count
금요일,0,치킨,9223
금요일,0,야식,2586
금요일,0,족발보쌈,2140
금요일,0,한식,1849
금요일,0,분식,1597
금요일,0,피자양식,1477
금요일,0,회초밥,740
금요일,0,일식돈까스,691
금요일,0,버거,487
금요일,0,찜탕,438
금요일,0,카페디저트,391
금요일,0,중식,357
금요일,0,아시안,202
금요일,0,도시락죽,36
금요일,1,치킨,4903
금요일,1,야식,1517
금요일,1,족발보쌈,1065
금요일,1,한식,1041
금요일,1,피자양식,841
금요일,1,분식,829
금요일,1,일식돈까스,335
금요일,1,회초밥,298
금요일,1,찜탕,272
금요일,1,버거,248
금요일,1,카페디저트,223
금요일,1,중식,149
금요일,1,아시안,117
금요일,1,도시락죽,29
금요일,2,치킨,1841
금요일,2,야식,787
금요일,2,한식,671
금요일,2,족발보쌈,436
금요일,2,피자양식,389
금요일,2,분식,374
금요일,2,찜탕,149
금요일,2,버거,131
금요일,2,일식돈까스,127
금요일,2,카페디저트,111
금요일,2,회초밥,111
금요일,2,중식,43
금요일,2,도시락죽,19
금요일,2,아시안,12
금요일,3,치킨,517
금요일,3,한식,378
금요일,3,야식,362
금요일,3,피자양식,132
금요일,3,찜탕,130
금요일,3,족발보쌈,101
금요일,3,분식,93
금요일,3,버거,85
금요일,3,회초밥,82
금요일,3,카페디저트,68
금요일,3,중식,32
금요일,3,일식돈까스,17
금요일,3,아시안,9
금요일,4,한식,332
금요일,4,치킨,257
금요일,4,야식,249
금요일,4,찜탕,104
금요일,4,피자양식,93
금요일,4,버거,86
금요일,4,분식,74
금요일,4,족발보쌈,48
금요일,4,카페디저트,48
금요일,4,회초밥,45
금요일,4,일식돈까스,10
금요일,4,아시안,2
금요일,4,중식,1
금요일,5,한식,295
금요일,5,치킨,170
금요일,5,찜탕,126
금요일,5,야식,86
금요일,5,버거,80
금요일,5,분식,69
금요일,5,피자양식,65
금요일,5,카페디저트,29
금요일,5,족발보쌈,22
금요일,5,회초밥,19
금요일,5,일식돈까스,11
금요일,5,아시안,5
금요일,5,도시락죽,1
금요일,6,한식,327
금요일,6,치킨,124
금요일,6,찜탕,108
금요일,6,피자양식,72
금요일,6,버거,70
금요일,6,카페디저트,53
금요일,6,분식,50
금요일,6,야식,44
금요일,6,회초밥,31
금요일,6,일식돈까스,18
금요일,6,족발보쌈,13
금요일,6,아시안,5
금요일,6,도시락죽,1
금요일,7,한식,349
금요일,7,찜탕,188
금요일,7,피자양식,105
금요일,7,분식,90
금요일,7,버거,80
금요일,7,카페디저트,75
금요일,7,치킨,71
금요일,7,일식돈까스,29
금요일,7,회초밥,23
금요일,7,야식,22
금요일,7,족발보쌈,11
금요일,7,아시안,7
금요일,8,한식,437
금요일,8,찜탕,225
금요일,8,버거,191
금요일,8,카페디저트,147
금요일,8,피자양식,128
금요일,8,분식,99
금요일,8,일식돈까스,82
금요일,8,치킨,52
금요일,8,야식,22
금요일,8,아시안,20
금요일,8,회초밥,19
금요일,8,족발보쌈,11
금요일,8,중식,4
금요일,8,도시락죽,3
금요일,9,한식,1130
금요일,9,버거,709
금요일,9,분식,617
금요일,9,카페디저트,598
금요일,9,찜탕,468
금요일,9,피자양식,201
금요일,9,일식돈까스,157
금요일,9,야식,106
금요일,9,치킨,104
금요일,9,도시락죽,93
금요일,9,회초밥,50
금요일,9,아시안,41
금요일,9,중식,36
금요일,9,족발보쌈,33
금요일,10,카페디저트,3702
금요일,10,한식,3397
금요일,10,버거,3003
금요일,10,분식,2833
금요일,10,찜탕,1127
금요일,10,일식돈까스,734
금요일,10,도시락죽,689
금요일,10,치킨,586
금요일,10,아시안,375
금요일,10,족발보쌈,351
금요일,10,중식,344
금요일,10,피자양식,316
금요일,10,야식,203
금요일,10,회초밥,156
금요일,11,한식,16551
금요일,11,분식,16514
금요일,11,카페디저트,9737
금요일,11,버거,9482
금요일,11,일식돈까스,6178
금요일,11,찜탕,4673
금요일,11,중식,4505
금요일,11,치킨,3543
금요일,11,아시안,3308
금요일,11,도시락죽,3075
금요일,11,피자양식,3048
금요일,11,족발보쌈,2288
금요일,11,야식,725
금요일,11,회초밥,405
금요일,12,한식,18768
금요일,12,분식,18311
금요일,12,버거,11079
금요일,12,카페디저트,10923
금요일,12,치킨,7810
금요일,12,일식돈까스,7736
금요일,12,중식,5745
금요일,12,찜탕,4604
금요일,12,피자양식,4503
금요일,12,아시안,4416
금요일,12,족발보쌈,3003
금요일,12,도시락죽,2965
금요일,12,야식,1167
금요일,12,회초밥,561
금요일,13,한식,12682
금요일,13,분식,12562
금요일,13,카페디저트,11124
금요일,13,버거,8667
금요일,13,치킨,7393
금요일,13,일식돈까스,5446
금요일,13,중식,4051
금요일,13,피자양식,3477
금요일,13,아시안,3289
금요일,13,찜탕,2774
금요일,13,족발보쌈,2075
금요일,13,도시락죽,1661
금요일,13,야식,882
금요일,13,회초밥,522
금요일,14,카페디저트,11761
금요일,14,분식,9526
금요일,14,한식,8884
금요일,14,치킨,7116
금요일,14,버거,7011
금요일,14,일식돈까스,3834
금요일,14,피자양식,3009
금요일,14,중식,2531
금요일,14,아시안,2281
금요일,14,찜탕,2087
금요일,14,족발보쌈,1814
금요일,14,도시락죽,1314
금요일,14,야식,816
금요일,14,회초밥,448
금요일,15,카페디저트,11110
금요일,15,분식,8740
금요일,15,치킨,8426
금요일,15,한식,7097
금요일,15,버거,6368
금요일,15,피자양식,2959
금요일,15,일식돈까스,2797
금요일,15,족발보쌈,2063
금요일,15,찜탕,1804
금요일,15,중식,1796
금요일,15,아시안,1695
금요일,15,도시락죽,1499
금요일,15,야식,962
금요일,15,회초밥,502
금요일,16,치킨,13374
금요일,16,카페디저트,11072
금요일,16,분식,10364
금요일,16,한식,8003
금요일,16,버거,6208
금요일,16,족발보쌈,3945
금요일,16,피자양식,3697
금요일,16,일식돈까스,2751
금요일,16,찜탕,2371
금요일,16,중식,2030
금요일,16,야식,1834
금요일,16,아시안,1563
금요일,16,도시락죽,1496
금요일,16,회초밥,851
금요일,17,치킨,30619
금요일,17,분식,15605
금요일,17,한식,14994
금요일,17,족발보쌈,11940
금요일,17,카페디저트,11647
금요일,17,버거,7624
금요일,17,피자양식,6203
금요일,17,일식돈까스,6102
금요일,17,찜탕,5609
금요일,17,야식,4298
금요일,17,중식,3959
금요일,17,아시안,2794
금요일,17,회초밥,2501
금요일,17,도시락죽,1859
금요일,18,치킨,60116
금요일,18,한식,27036
금요일,18,족발보쌈,25801
금요일,18,분식,24607
금요일,18,카페디저트,14040
금요일,18,피자양식,11133
금요일,18,버거,10822
금요일,18,일식돈까스,10187
금요일,18,찜탕,9842
금요일,18,야식,9777
금요일,18,중식,6745
금요일,18,회초밥,5074
금요일,18,아시안,4346
금요일,18,도시락죽,2004
금요일,19,치킨,69888
금요일,19,한식,28315
금요일,19,족발보쌈,27811
금요일,19,분식,25919
금요일,19,카페디저트,14714
금요일,19,피자양식,12200
금요일,19,야식,12024
금요일,19,버거,10543
금요일,19,일식돈까스,10533
금요일,19,찜탕,9163
금요일,19,중식,6534
금요일,19,회초밥,5953
금요일,19,아시안,4624
금요일,19,도시락죽,1604
금요일,20,치킨,60611
금요일,20,한식,19932
금요일,20,족발보쌈,19616
금요일,20,분식,18641
금요일,20,카페디저트,15200
금요일,20,야식,10470
금요일,20,피자양식,9423
금요일,20,버거,8352
금요일,20,일식돈까스,7382
금요일,20,찜탕,5975
금요일,20,회초밥,5124
금요일,20,중식,4355
금요일,20,아시안,3228
금요일,20,도시락죽,673
금요일,21,치킨,51218
금요일,21,족발보쌈,13913
금요일,21,카페디저트,13891
금요일,21,한식,13323
금요일,21,분식,12934
금요일,21,야식,9604
금요일,21,피자양식,7666
금요일,21,버거,6027
금요일,21,회초밥,4507
금요일,21,일식돈까스,3869
금요일,21,찜탕,3339
금요일,21,중식,2995
금요일,21,아시안,1734
금요일,21,도시락죽,358
금요일,22,치킨,44578
금요일,22,족발보쌈,10174
금요일,22,야식,8916
금요일,22,한식,8892
금요일,22,분식,8736
금요일,22,카페디저트,6582
금요일,22,피자양식,5940
금요일,22,버거,3868
금요일,22,회초밥,3634
금요일,22,일식돈까스,2494
금요일,22,찜탕,1919
금요일,22,중식,1724
금요일,22,아시안,991
금요일,22,도시락죽,145
금요일,23,치킨,28781
금요일,23,야식,6445
금요일,23,족발보쌈,6190
금요일,23,한식,5075
금요일,23,분식,4033
금요일,23,피자양식,3931
금요일,23,회초밥,2421
금요일,23,버거,1841
금요일,23,카페디저트,1754
금요일,23,일식돈까스,1639
금요일,23,중식,1200
금요일,23,찜탕,819
금요일,23,아시안,506
금요일,23,도시락죽,78
목요일,0,치킨,9302
목요일,0,야식,2745
목요일,0,족발보쌈,2132
목요일,0,한식,1981
목요일,0,분식,1669
목요일,0,피자양식,1605
목요일,0,일식돈까스,747
목요일,0,회초밥,731
목요일,0,찜탕,529
목요일,0,버거,463
목요일,0,중식,387
목요일,0,카페디저트,382
목요일,0,아시안,198
목요일,0,도시락죽,24
목요일,1,치킨,4709
목요일,1,야식,1487
목요일,1,한식,1150
목요일,1,족발보쌈,1060
목요일,1,분식,893
목요일,1,피자양식,881
목요일,1,일식돈까스,395
목요일,1,회초밥,323
목요일,1,찜탕,271
목요일,1,버거,239
목요일,1,카페디저트,203
목요일,1,중식,165
목요일,1,아시안,104
목요일,1,도시락죽,29
목요일,2,치킨,1709
목요일,2,야식,828
목요일,2,한식,667
목요일,2,피자양식,408
목요일,2,족발보쌈,366
목요일,2,분식,328
목요일,2,찜탕,171
목요일,2,회초밥,134
목요일,2,버거,109
목요일,2,일식돈까스,100
목요일,2,카페디저트,99
목요일,2,중식,43
목요일,2,도시락죽,27
목요일,2,아시안,11
목요일,3,치킨,499
목요일,3,야식,417
목요일,3,한식,405
목요일,3,피자양식,128
목요일,3,찜탕,126
목요일,3,분식,119
목요일,3,족발보쌈,100
목요일,3,회초밥,80
목요일,3,카페디저트,60
목요일,3,버거,60
목요일,3,일식돈까스,48
목요일,3,중식,25
목요일,3,아시안,10
목요일,4,한식,316
목요일,4,치킨,239
목요일,4,야식,234
목요일,4,찜탕,108
목요일,4,피자양식,82
목요일,4,분식,78
목요일,4,버거,61
목요일,4,회초밥,60
목요일,4,족발보쌈,44
목요일,4,카페디저트,42
목요일,4,일식돈까스,30
목요일,4,아시안,3
목요일,4,도시락죽,1
목요일,4,중식,1
목요일,5,한식,269
목요일,5,치킨,123
목요일,5,찜탕,120
목요일,5,야식,117
목요일,5,피자양식,107
목요일,5,버거,104
목요일,5,분식,42
목요일,5,카페디저트,40
목요일,5,일식돈까스,26
목요일,5,회초밥,24
목요일,5,족발보쌈,17
목요일,5,아시안,3
목요일,5,중식,1
목요일,6,한식,336
목요일,6,찜탕,123
목요일,6,버거,85
목요일,6,피자양식,79
목요일,6,치킨,74
목요일,6,카페디저트,52
목요일,6,분식,51
목요일,6,일식돈까스,45
목요일,6,야식,43
목요일,6,회초밥,18
목요일,6,족발보쌈,13
목요일,6,아시안,3
목요일,7,한식,392
목요일,7,찜탕,222
목요일,7,피자양식,95
목요일,7,버거,88
목요일,7,분식,82
목요일,7,카페디저트,73
목요일,7,일식돈까스,40
목요일,7,치킨,33
목요일,7,회초밥,28
목요일,7,야식,9
목요일,7,아시안,7
목요일,7,족발보쌈,6
목요일,7,중식,2
목요일,8,한식,450
목요일,8,찜탕,262
목요일,8,버거,152
목요일,8,피자양식,111
목요일,8,분식,107
목요일,8,카페디저트,106
목요일,8,일식돈까스,67
목요일,8,치킨,56
목요일,8,회초밥,34
목요일,8,야식,16
목요일,8,아시안,15
목요일,8,족발보쌈,7
목요일,8,중식,4
목요일,8,도시락죽,2
목요일,9,한식,1129
목요일,9,버거,701
목요일,9,분식,607
목요일,9,카페디저트,555
목요일,9,찜탕,472
목요일,9,피자양식,201
목요일,9,치킨,164
목요일,9,일식돈까스,159
목요일,9,야식,123
목요일,9,도시락죽,81
목요일,9,회초밥,68
목요일,9,아시안,46
목요일,9,중식,39
목요일,9,족발보쌈,23
목요일,10,카페디저트,3598
목요일,10,한식,3398
목요일,10,버거,3003
목요일,10,분식,2637
목요일,10,찜탕,1155
목요일,10,도시락죽,676
목요일,10,일식돈까스,586
목요일,10,치킨,523
목요일,10,아시안,394
목요일,10,족발보쌈,379
목요일,10,중식,331
목요일,10,피자양식,323
목요일,10,야식,211
목요일,10,회초밥,169
목요일,11,한식,16480
목요일,11,분식,16400
목요일,11,버거,9322
목요일,11,카페디저트,9171
목요일,11,일식돈까스,5775
목요일,11,찜탕,4851
목요일,11,중식,4403
목요일,11,치킨,3403
목요일,11,아시안,3230
목요일,11,도시락죽,3141
목요일,11,피자양식,3090
목요일,11,족발보쌈,2195
목요일,11,야식,691
목요일,11,회초밥,475
목요일,12,한식,19100
목요일,12,분식,18401
목요일,12,버거,10712
목요일,12,카페디저트,9735
목요일,12,치킨,7613
목요일,12,일식돈까스,7431
목요일,12,중식,5574
목요일,12,피자양식,4688
목요일,12,찜탕,4541
목요일,12,아시안,4241
목요일,12,족발보쌈,3050
목요일,12,도시락죽,2788
목요일,12,야식,1132
목요일,12,회초밥,618
목요일,13,분식,13323
목요일,13,한식,12636
목요일,13,카페디저트,10521
목요일,13,버거,8557
목요일,13,치킨,7443
목요일,13,일식돈까스,5256
목요일,13,중식,3950
목요일,13,피자양식,3587
목요일,13,아시안,3178
목요일,13,찜탕,3142
목요일,13,족발보쌈,2189
목요일,13,도시락죽,1557
목요일,13,야식,960
목요일,13,회초밥,514
목요일,14,카페디저트,10713
목요일,14,분식,9865
목요일,14,한식,8933
목요일,14,치킨,7227
목요일,14,버거,6981
목요일,14,일식돈까스,3649
목요일,14,피자양식,3160
목요일,14,중식,2470
목요일,14,아시안,2201
목요일,14,찜탕,2015
목요일,14,족발보쌈,1815
목요일,14,도시락죽,1254
목요일,14,야식,788
목요일,14,회초밥,491
목요일,15,카페디저트,10326
목요일,15,분식,8864
목요일,15,치킨,8447
목요일,15,한식,7205
목요일,15,버거,6336
목요일,15,피자양식,3019
목요일,15,일식돈까스,2648
목요일,15,족발보쌈,2095
목요일,15,중식,1892
목요일,15,찜탕,1821
목요일,15,아시안,1692
목요일,15,도시락죽,1485
목요일,15,야식,953
목요일,15,회초밥,464
목요일,16,치킨,13091
목요일,16,분식,10534
목요일,16,카페디저트,9599
목요일,16,한식,8003
목요일,16,버거,6337
목요일,16,족발보쌈,4077
목요일,16,피자양식,3615
목요일,16,일식돈까스,2667
목요일,16,찜탕,2352
목요일,16,중식,2113
목요일,16,야식,1752
목요일,16,아시안,1580
목요일,16,도시락죽,1435
목요일,16,회초밥,790
목요일,17,치킨,28318
목요일,17,분식,15942
목요일,17,한식,15392
목요일,17,족발보쌈,10588
목요일,17,카페디저트,9444
목요일,17,버거,8241
목요일,17,피자양식,5905
목요일,17,일식돈까스,5788
목요일,17,찜탕,5501
목요일,17,야식,4086
목요일,17,중식,3876
목요일,17,아시안,2800
목요일,17,회초밥,2008
목요일,17,도시락죽,1883
목요일,18,치킨,52291
목요일,18,한식,26792
목요일,18,분식,24135
목요일,18,족발보쌈,21093
목요일,18,카페디저트,11549
목요일,18,버거,10790
목요일,18,피자양식,9998
목요일,18,일식돈까스,9564
목요일,18,찜탕,9323
목요일,18,야식,8304
목요일,18,중식,6515
목요일,18,아시안,4337
목요일,18,회초밥,3709
목요일,18,도시락죽,2082
목요일,19,치킨,56393
목요일,19,한식,26005
목요일,19,분식,22774
목요일,19,족발보쌈,20697
목요일,19,카페디저트,12153
목요일,19,버거,10453
목요일,19,피자양식,10437
목요일,19,야식,9396
목요일,19,일식돈까스,9249
목요일,19,찜탕,8042
목요일,19,중식,5946
목요일,19,아시안,4293
목요일,19,회초밥,4004
목요일,19,도시락죽,1461
목요일,20,치킨,44969
목요일,20,한식,17312
목요일,20,분식,14956
목요일,20,족발보쌈,13383
목요일,20,카페디저트,12155
목요일,20,버거,7938
목요일,20,피자양식,7714
목요일,20,야식,7568
목요일,20,일식돈까스,5870
목요일,20,찜탕,4800
목요일,20,중식,3421
목요일,20,회초밥,3240
목요일,20,아시안,2772
목요일,20,도시락죽,610
목요일,21,치킨,37127
목요일,21,한식,10798
목요일,21,카페디저트,10012
목요일,21,분식,9988
목요일,21,족발보쌈,9299
목요일,21,야식,6764
목요일,21,피자양식,6001
목요일,21,버거,5496
목요일,21,일식돈까스,3102
목요일,21,회초밥,2785
목요일,21,찜탕,2762
목요일,21,중식,2244
목요일,21,아시안,1425
목요일,21,도시락죽,315
목요일,22,치킨,29913
목요일,22,한식,7284
목요일,22,족발보쌈,7037
목요일,22,분식,6431
목요일,22,야식,5931
목요일,22,피자양식,4515
목요일,22,카페디저트,4484
목요일,22,버거,3402
목요일,22,회초밥,2248
목요일,22,일식돈까스,1777
목요일,22,찜탕,1549
목요일,22,중식,1300
목요일,22,아시안,901
목요일,22,도시락죽,114
목요일,23,치킨,18781
목요일,23,야식,4480
목요일,23,한식,4146
목요일,23,족발보쌈,4127
목요일,23,분식,3157
목요일,23,피자양식,3027
목요일,23,버거,1566
목요일,23,회초밥,1458
목요일,23,카페디저트,1284
목요일,23,일식돈까스,1215
목요일,23,중식,860
목요일,23,찜탕,682
목요일,23,아시안,438
목요일,23,도시락죽,53
수요일,0,치킨,9145
수요일,0,야식,2687
수요일,0,족발보쌈,2216
수요일,0,한식,2024
수요일,0,분식,1667
수요일,0,피자양식,1542
수요일,0,회초밥,837
수요일,0,일식돈까스,720
수요일,0,버거,450
수요일,0,찜탕,445
수요일,0,카페디저트,357
수요일,0,중식,337
수요일,0,아시안,174
수요일,0,도시락죽,44
수요일,1,치킨,4861
수요일,1,야식,1470
수요일,1,족발보쌈,1115
수요일,1,한식,1051
수요일,1,분식,864
수요일,1,피자양식,835
수요일,1,일식돈까스,402
수요일,1,회초밥,329
수요일,1,찜탕,303
수요일,1,버거,219
수요일,1,카페디저트,215
수요일,1,중식,146
수요일,1,아시안,96
수요일,1,도시락죽,30
수요일,2,치킨,1828
수요일,2,야식,864
수요일,2,한식,685
수요일,2,족발보쌈,423
수요일,2,분식,344
수요일,2,피자양식,317
수요일,2,찜탕,136
수요일,2,일식돈까스,114
수요일,2,카페디저트,113
수요일,2,회초밥,111
수요일,2,버거,102
수요일,2,도시락죽,45
수요일,2,중식,41
수요일,2,아시안,26
수요일,3,치킨,536
수요일,3,한식,395
수요일,3,야식,394
수요일,3,찜탕,135
수요일,3,분식,125
수요일,3,족발보쌈,108
수요일,3,피자양식,105
수요일,3,버거,73
수요일,3,회초밥,70
수요일,3,카페디저트,67
수요일,3,일식돈까스,49
수요일,3,중식,25
수요일,3,아시안,4
수요일,3,도시락죽,1
수요일,4,한식,297
수요일,4,치킨,294
수요일,4,야식,269
수요일,4,찜탕,111
수요일,4,피자양식,97
수요일,4,분식,92
수요일,4,버거,65
수요일,4,카페디저트,51
수요일,4,족발보쌈,49
수요일,4,일식돈까스,46
수요일,4,회초밥,45
수요일,4,아시안,7
수요일,4,도시락죽,1
수요일,4,중식,1
수요일,5,한식,300
수요일,5,치킨,167
수요일,5,찜탕,124
수요일,5,야식,95
수요일,5,버거,92
수요일,5,피자양식,89
수요일,5,분식,58
수요일,5,일식돈까스,43
수요일,5,카페디저트,34
수요일,5,회초밥,31
수요일,5,족발보쌈,23
수요일,5,아시안,7
수요일,5,중식,1
수요일,6,한식,316
수요일,6,찜탕,127
수요일,6,치킨,100
수요일,6,피자양식,94
수요일,6,버거,75
수요일,6,분식,58
수요일,6,야식,52
수요일,6,카페디저트,39
수요일,6,일식돈까스,37
수요일,6,회초밥,11
수요일,6,족발보쌈,10
수요일,6,아시안,5
수요일,6,도시락죽,2
수요일,7,한식,327
수요일,7,찜탕,209
수요일,7,피자양식,92
수요일,7,버거,83
수요일,7,카페디저트,76
수요일,7,분식,74
수요일,7,치킨,59
수요일,7,일식돈까스,49
수요일,7,족발보쌈,14
수요일,7,야식,10
수요일,7,회초밥,10
수요일,7,아시안,4
수요일,7,도시락죽,1
수요일,7,중식,1
수요일,8,한식,404
수요일,8,찜탕,289
수요일,8,버거,149
수요일,8,카페디저트,120
수요일,8,일식돈까스,97
수요일,8,피자양식,93
수요일,8,분식,76
수요일,8,치킨,55
수요일,8,회초밥,23
수요일,8,야식,20
수요일,8,아시안,11
수요일,8,족발보쌈,6
수요일,8,도시락죽,2
수요일,9,한식,1028
수요일,9,버거,667
수요일,9,카페디저트,587
수요일,9,분식,584
수요일,9,찜탕,507
수요일,9,피자양식,203
수요일,9,일식돈까스,197
수요일,9,치킨,119
수요일,9,야식,105
수요일,9,도시락죽,89
수요일,9,아시안,64
수요일,9,회초밥,47
수요일,9,중식,38
수요일,9,족발보쌈,25
수요일,10,한식,3395
수요일,10,카페디저트,3348
수요일,10,버거,2906
수요일,10,분식,2790
수요일,10,찜탕,1205
수요일,10,일식돈까스,755
수요일,10,도시락죽,669
수요일,10,치킨,464
수요일,10,아시안,437
수요일,10,중식,331
수요일,10,피자양식,319
수요일,10,족발보쌈,295
수요일,10,야식,211
수요일,10,회초밥,184
수요일,11,한식,16514
수요일,11,분식,15786
수요일,11,버거,9213
수요일,11,카페디저트,8901
수요일,11,일식돈까스,5932
수요일,11,찜탕,4826
수요일,11,중식,4301
수요일,11,아시안,3388
수요일,11,피자양식,3267
수요일,11,치킨,3207
수요일,11,도시락죽,3042
수요일,11,족발보쌈,2115
수요일,11,야식,710
수요일,11,회초밥,430
수요일,12,한식,18692
수요일,12,분식,18046
수요일,12,버거,10620
수요일,12,카페디저트,9668
수요일,12,치킨,7770
수요일,12,일식돈까스,7508
수요일,12,중식,5649
수요일,12,피자양식,4956
수요일,12,찜탕,4629
수요일,12,아시안,4399
수요일,12,족발보쌈,2883
수요일,12,도시락죽,2862
수요일,12,야식,1121
수요일,12,회초밥,579
수요일,13,분식,12791
수요일,13,한식,12568
수요일,13,카페디저트,10060
수요일,13,버거,8587
수요일,13,치킨,7484
수요일,13,일식돈까스,5448
수요일,13,피자양식,3952
수요일,13,중식,3946
수요일,13,아시안,3273
수요일,13,찜탕,2951
수요일,13,족발보쌈,2190
수요일,13,도시락죽,1487
수요일,13,야식,917
수요일,13,회초밥,530
수요일,14,카페디저트,10208
수요일,14,분식,9665
수요일,14,한식,8829
수요일,14,치킨,7218
수요일,14,버거,7077
수요일,14,일식돈까스,3839
수요일,14,피자양식,3284
수요일,14,아시안,2373
수요일,14,중식,2372
수요일,14,찜탕,2233
수요일,14,족발보쌈,1787
수요일,14,도시락죽,1373
수요일,14,야식,837
수요일,14,회초밥,419
수요일,15,카페디저트,9763
수요일,15,치킨,8827
수요일,15,분식,8761
수요일,15,한식,7301
수요일,15,버거,6332
수요일,15,피자양식,3481
수요일,15,일식돈까스,2748
수요일,15,족발보쌈,2069
수요일,15,중식,1809
수요일,15,찜탕,1804
수요일,15,아시안,1751
수요일,15,도시락죽,1355
수요일,15,야식,1000
수요일,15,회초밥,508
수요일,16,치킨,13411
수요일,16,분식,10145
수요일,16,카페디저트,9195
수요일,16,한식,8370
수요일,16,버거,6354
수요일,16,족발보쌈,4153
수요일,16,피자양식,3807
수요일,16,일식돈까스,2977
수요일,16,찜탕,2534
수요일,16,중식,2057
수요일,16,야식,1806
수요일,16,아시안,1749
수요일,16,도시락죽,1240
수요일,16,회초밥,842
수요일,17,치킨,28592
수요일,17,한식,15652
수요일,17,분식,15454
수요일,17,족발보쌈,11065
수요일,17,카페디저트,9204
수요일,17,버거,8119
수요일,17,피자양식,6532
수요일,17,일식돈까스,6150
수요일,17,찜탕,5614
수요일,17,야식,3991
수요일,17,중식,3881
수요일,17,아시안,2967
수요일,17,회초밥,2048
수요일,17,도시락죽,1671
수요일,18,치킨,52828
수요일,18,한식,27172
수요일,18,분식,22947
수요일,18,족발보쌈,21430
수요일,18,카페디저트,10775
수요일,18,버거,10686
수요일,18,피자양식,10558
수요일,18,일식돈까스,9920
수요일,18,찜탕,9589
수요일,18,야식,8096
수요일,18,중식,6528
수요일,18,아시안,4634
수요일,18,회초밥,3886
수요일,18,도시락죽,1949
수요일,19,치킨,56828
수요일,19,한식,26177
수요일,19,분식,21847
수요일,19,족발보쌈,21017
수요일,19,카페디저트,11697
수요일,19,피자양식,10591
수요일,19,버거,10263
수요일,19,일식돈까스,9522
수요일,19,야식,9251
수요일,19,찜탕,8183
수요일,19,중식,5656
수요일,19,아시안,4479
수요일,19,회초밥,4190
수요일,19,도시락죽,1519
수요일,20,치킨,44486
수요일,20,한식,17860
수요일,20,분식,14591
수요일,20,족발보쌈,13670
수요일,20,카페디저트,11174
수요일,20,피자양식,7774
수요일,20,버거,7760
수요일,20,야식,7555
수요일,20,일식돈까스,6027
수요일,20,찜탕,4900
수요일,20,중식,3519
수요일,20,회초밥,3327
수요일,20,아시안,2812
수요일,20,도시락죽,640
수요일,21,치킨,36244
수요일,21,한식,10880
수요일,21,카페디저트,9512
수요일,21,분식,9411
수요일,21,족발보쌈,9356
수요일,21,야식,6674
수요일,21,피자양식,6074
수요일,21,버거,5288
수요일,21,일식돈까스,3035
수요일,21,찜탕,2898
수요일,21,회초밥,2636
수요일,21,중식,2338
수요일,21,아시안,1475
수요일,21,도시락죽,315
수요일,22,치킨,29041
수요일,22,한식,7180
수요일,22,족발보쌈,6894
수요일,22,분식,6007
수요일,22,야식,5780
수요일,22,피자양식,4532
수요일,22,카페디저트,4230
수요일,22,버거,3212
수요일,22,회초밥,2211
수요일,22,일식돈까스,1905
수요일,22,찜탕,1676
수요일,22,중식,1307
수요일,22,아시안,894
수요일,22,도시락죽,119
수요일,23,치킨,19020
수요일,23,야식,4429
수요일,23,족발보쌈,4304
수요일,23,한식,4137
수요일,23,피자양식,2950
수요일,23,분식,2923
수요일,23,회초밥,1486
수요일,23,버거,1461
수요일,23,일식돈까스,1272
수요일,23,카페디저트,1138
수요일,23,중식,797
수요일,23,찜탕,771
수요일,23,아시안,434
수요일,23,도시락죽,65
월요일,0,치킨,9343
월요일,0,야식,2525
월요일,0,족발보쌈,2083
월요일,0,한식,1738
월요일,0,피자양식,1736
월요일,0,분식,1554
월요일,0,회초밥,764
월요일,0,일식돈까스,728
월요일,0,버거,538
월요일,0,찜탕,489
월요일,0,카페디저트,430
월요일,0,중식,293
월요일,0,아시안,198
월요일,0,도시락죽,43
월요일,1,치킨,4868
월요일,1,야식,1361
월요일,1,피자양식,1164
월요일,1,한식,1019
월요일,1,족발보쌈,1009
월요일,1,분식,952
월요일,1,일식돈까스,386
월요일,1,찜탕,345
월요일,1,회초밥,336
월요일,1,버거,273
월요일,1,카페디저트,262
월요일,1,중식,134
월요일,1,아시안,62
월요일,1,도시락죽,26
월요일,2,치킨,1629
월요일,2,야식,729
월요일,2,한식,555
월요일,2,피자양식,484
월요일,2,족발보쌈,341
월요일,2,분식,284
월요일,2,찜탕,208
월요일,2,버거,138
월요일,2,일식돈까스,127
월요일,2,회초밥,118
월요일,2,카페디저트,107
월요일,2,중식,40
월요일,2,도시락죽,34
월요일,2,아시안,20
월요일,3,치킨,435
월요일,3,야식,350
월요일,3,한식,288
월요일,3,피자양식,151
월요일,3,족발보쌈,110
월요일,3,찜탕,107
월요일,3,회초밥,87
월요일,3,버거,85
월요일,3,카페디저트,66
월요일,3,일식돈까스,52
월요일,3,분식,46
월요일,3,중식,21
월요일,3,아시안,10
월요일,3,도시락죽,2
월요일,4,야식,263
월요일,4,치킨,241
월요일,4,한식,201
월요일,4,피자양식,122
월요일,4,버거,91
월요일,4,찜탕,77
월요일,4,회초밥,66
월요일,4,카페디저트,50
월요일,4,일식돈까스,43
월요일,4,분식,35
월요일,4,족발보쌈,35
월요일,4,아시안,7
월요일,4,도시락죽,3
월요일,5,한식,203
월요일,5,치킨,130
월요일,5,야식,96
월요일,5,버거,80
월요일,5,피자양식,79
월요일,5,찜탕,73
월요일,5,회초밥,42
월요일,5,일식돈까스,40
월요일,5,카페디저트,39
월요일,5,분식,24
월요일,5,족발보쌈,15
월요일,5,아시안,4
월요일,5,도시락죽,1
월요일,5,중식,1
월요일,6,한식,251
월요일,6,치킨,106
월요일,6,피자양식,105
월요일,6,버거,95
월요일,6,찜탕,74
월요일,6,일식돈까스,62
월요일,6,카페디저트,44
월요일,6,회초밥,40
월요일,6,야식,39
월요일,6,분식,30
월요일,6,족발보쌈,19
월요일,6,아시안,9
월요일,6,도시락죽,2
월요일,7,한식,265
월요일,7,찜탕,186
월요일,7,피자양식,95
월요일,7,버거,84
월요일,7,카페디저트,69
월요일,7,치킨,66
월요일,7,분식,58
월요일,7,일식돈까스,57
월요일,7,회초밥,35
월요일,7,야식,15
월요일,7,족발보쌈,13
월요일,7,아시안,4
월요일,7,도시락죽,3
월요일,8,한식,343
월요일,8,찜탕,266
월요일,8,버거,190
월요일,8,일식돈까스,131
월요일,8,피자양식,124
월요일,8,카페디저트,109
월요일,8,분식,77
월요일,8,치킨,44
월요일,8,회초밥,35
월요일,8,족발보쌈,13
월요일,8,아시안,12
월요일,8,야식,12
월요일,8,도시락죽,1
월요일,9,한식,1019
월요일,9,버거,753
월요일,9,분식,520
월요일,9,카페디저트,518
월요일,9,찜탕,485
월요일,9,피자양식,211
월요일,9,일식돈까스,178
월요일,9,도시락죽,108
월요일,9,치킨,103
월요일,9,회초밥,77
월요일,9,야식,58
월요일,9,아시안,39
월요일,9,중식,33
월요일,9,족발보쌈,32
월요일,10,한식,3069
월요일,10,카페디저트,2888
월요일,10,버거,2860
월요일,10,분식,2217
월요일,10,찜탕,983
월요일,10,도시락죽,664
월요일,10,일식돈까스,630
월요일,10,치킨,423
월요일,10,아시안,334
월요일,10,중식,306
월요일,10,피자양식,256
월요일,10,족발보쌈,187
월요일,10,야식,149
월요일,10,회초밥,148
월요일,11,한식,14634
월요일,11,분식,13378
월요일,11,카페디저트,8897
월요일,11,버거,8364
월요일,11,일식돈까스,4906
월요일,11,찜탕,4164
월요일,11,도시락죽,3099
월요일,11,중식,2947
월요일,11,아시안,2909
월요일,11,치킨,2837
월요일,11,피자양식,2359
월요일,11,족발보쌈,1702
월요일,11,야식,605
월요일,11,회초밥,407
월요일,12,한식,17782
월요일,12,분식,16120
월요일,12,버거,10234
월요일,12,카페디저트,9361
월요일,12,일식돈까스,6894
월요일,12,치킨,6553
월요일,12,중식,4349
월요일,12,찜탕,4346
월요일,12,아시안,3794
월요일,12,피자양식,3732
월요일,12,도시락죽,3153
월요일,12,족발보쌈,2386
월요일,12,야식,973
월요일,12,회초밥,529
월요일,13,한식,11963
월요일,13,분식,11873
월요일,13,카페디저트,9705
월요일,13,버거,8580
월요일,13,치킨,6635
월요일,13,일식돈까스,5108
월요일,13,중식,3185
월요일,13,피자양식,3112
월요일,13,아시안,3013
월요일,13,찜탕,2899
월요일,13,도시락죽,1915
월요일,13,족발보쌈,1733
월요일,13,야식,786
월요일,13,회초밥,463
월요일,14,카페디저트,9710
월요일,14,분식,9249
월요일,14,한식,8765
월요일,14,버거,7133
월요일,14,치킨,6669
월요일,14,일식돈까스,3612
월요일,14,피자양식,2642
월요일,14,아시안,2216
월요일,14,중식,2162
월요일,14,찜탕,2037
월요일,14,도시락죽,1579
월요일,14,족발보쌈,1515
월요일,14,야식,685
월요일,14,회초밥,429
월요일,15,카페디저트,9528
월요일,15,분식,8243
월요일,15,치킨,7702
월요일,15,한식,6913
월요일,15,버거,6557
월요일,15,피자양식,2874
월요일,15,일식돈까스,2696
월요일,15,도시락죽,1743
월요일,15,찜탕,1715
월요일,15,아시안,1707
월요일,15,족발보쌈,1563
월요일,15,중식,1530
월요일,15,야식,827
월요일,15,회초밥,463
월요일,16,치킨,11313
월요일,16,분식,10115
월요일,16,카페디저트,9378
월요일,16,한식,7922
월요일,16,버거,6371
월요일,16,피자양식,3309
월요일,16,족발보쌈,3130
월요일,16,일식돈까스,2790
월요일,16,찜탕,2190
월요일,16,중식,1738
월요일,16,도시락죽,1731
월요일,16,야식,1562
월요일,16,아시안,1524
월요일,16,회초밥,646
월요일,17,치킨,24287
월요일,17,분식,15091
월요일,17,한식,14374
월요일,17,카페디저트,9553
월요일,17,족발보쌈,8136
월요일,17,버거,7652
월요일,17,일식돈까스,5429
월요일,17,피자양식,4843
월요일,17,찜탕,4841
월요일,17,야식,3346
월요일,17,중식,3139
월요일,17,아시안,2709
월요일,17,도시락죽,2179
월요일,17,회초밥,1654
월요일,18,치킨,43867
월요일,18,한식,25088
월요일,18,분식,22410
월요일,18,족발보쌈,15963
월요일,18,카페디저트,10887
월요일,18,버거,10137
월요일,18,일식돈까스,8702
월요일,18,찜탕,8274
월요일,18,피자양식,8232
월요일,18,야식,6992
월요일,18,중식,5184
월요일,18,아시안,3973
월요일,18,회초밥,3284
월요일,18,도시락죽,2406
월요일,19,치킨,48187
월요일,19,한식,25321
월요일,19,분식,21653
월요일,19,족발보쌈,16155
월요일,19,카페디저트,12005
월요일,19,버거,10016
월요일,19,일식돈까스,8574
월요일,19,피자양식,8416
월요일,19,야식,7943
월요일,19,찜탕,7305
월요일,19,중식,4788
월요일,19,아시안,3968
월요일,19,회초밥,3598
월요일,19,도시락죽,1622
월요일,20,치킨,38652
월요일,20,한식,16911
월요일,20,분식,14667
월요일,20,카페디저트,11885
월요일,20,족발보쌈,10561
월요일,20,버거,7465
월요일,20,피자양식,6550
월요일,20,야식,6498
월요일,20,일식돈까스,5622
월요일,20,찜탕,4473
월요일,20,중식,3023
월요일,20,회초밥,2913
월요일,20,아시안,2652
월요일,20,도시락죽,672
월요일,21,치킨,31957
월요일,21,한식,10707
월요일,21,카페디저트,9899
월요일,21,분식,9688
월요일,21,족발보쌈,7355
월요일,21,야식,5969
월요일,21,피자양식,5434
월요일,21,버거,5397
월요일,21,일식돈까스,2741
월요일,21,찜탕,2502
월요일,21,회초밥,2487
월요일,21,중식,2063
월요일,21,아시안,1444
월요일,21,도시락죽,285
월요일,22,치킨,26489
월요일,22,한식,7212
월요일,22,분식,6217
월요일,22,족발보쌈,5657
월요일,22,야식,5412
월요일,22,카페디저트,4314
월요일,22,피자양식,3881
월요일,22,버거,3367
월요일,22,회초밥,1975
월요일,22,일식돈까스,1636
월요일,22,찜탕,1516
월요일,22,중식,1170
월요일,22,아시안,877
월요일,22,도시락죽,128
월요일,23,치킨,17980
월요일,23,야식,4182
월요일,23,한식,4165
월요일,23,족발보쌈,3688
월요일,23,분식,3073
월요일,23,피자양식,2445
월요일,23,버거,1616
월요일,23,회초밥,1461
월요일,23,일식돈까스,1122
월요일,23,카페디저트,1020
월요일,23,중식,745
월요일,23,찜탕,647
월요일,23,아시안,464
월요일,23,도시락죽,57
일요일,0,치킨,12722
일요일,0,야식,3857
일요일,0,족발보쌈,2942
일요일,0,한식,2580
일요일,0,피자양식,2167
일요일,0,분식,2105
일요일,0,회초밥,1250
일요일,0,일식돈까스,949
일요일,0,찜탕,594
일요일,0,카페디저트,588
일요일,0,버거,540
일요일,0,중식,446
일요일,0,아시안,204
일요일,0,도시락죽,35
일요일,1,치킨,6720
일요일,1,야식,2190
일요일,1,족발보쌈,1503
일요일,1,한식,1391
일요일,1,피자양식,1268
일요일,1,분식,1075
일요일,1,회초밥,519
일요일,1,일식돈까스,488
일요일,1,찜탕,375
일요일,1,카페디저트,340
일요일,1,버거,297
일요일,1,중식,212
일요일,1,아시안,79
일요일,1,도시락죽,47
일요일,2,치킨,2286
일요일,2,야식,1044
일요일,2,한식,821
일요일,2,족발보쌈,603
일요일,2,피자양식,554
일요일,2,분식,437
일요일,2,찜탕,195
일요일,2,회초밥,183
일요일,2,카페디저트,175
일요일,2,일식돈까스,149
일요일,2,버거,147
일요일,2,중식,71
일요일,2,도시락죽,44
일요일,2,아시안,22
일요일,3,치킨,595
일요일,3,한식,465
일요일,3,야식,450
일요일,3,족발보쌈,167
일요일,3,피자양식,145
일요일,3,찜탕,136
일요일,3,버거,123
일요일,3,회초밥,120
일요일,3,분식,114
일요일,3,카페디저트,98
일요일,3,일식돈까스,60
일요일,3,중식,36
일요일,3,아시안,7
일요일,4,한식,372
일요일,4,치킨,266
일요일,4,야식,257
일요일,4,찜탕,149
일요일,4,분식,112
일요일,4,피자양식,112
일요일,4,버거,84
일요일,4,카페디저트,83
일요일,4,족발보쌈,69
일요일,4,회초밥,64
일요일,4,일식돈까스,38
일요일,4,아시안,8
일요일,4,도시락죽,2
일요일,5,한식,299
일요일,5,찜탕,153
일요일,5,치킨,143
일요일,5,야식,115
일요일,5,피자양식,108
일요일,5,버거,99
일요일,5,분식,65
일요일,5,회초밥,50
일요일,5,카페디저트,49
일요일,5,일식돈까스,35
일요일,5,족발보쌈,31
일요일,5,아시안,2
일요일,5,도시락죽,1
일요일,6,한식,380
일요일,6,찜탕,154
일요일,6,피자양식,90
일요일,6,치킨,82
일요일,6,버거,77
일요일,6,야식,69
일요일,6,카페디저트,61
일요일,6,분식,56
일요일,6,일식돈까스,50
일요일,6,회초밥,29
일요일,6,족발보쌈,22
일요일,6,아시안,5
일요일,7,한식,474
일요일,7,찜탕,201
일요일,7,피자양식,112
일요일,7,버거,107
일요일,7,일식돈까스,65
일요일,7,카페디저트,61
일요일,7,분식,59
일요일,7,치킨,50
일요일,7,회초밥,41
일요일,7,족발보쌈,22
일요일,7,야식,15
일요일,7,아시안,6
일요일,7,중식,1
일요일,8,한식,676
일요일,8,찜탕,325
일요일,8,버거,198
일요일,8,카페디저트,140
일요일,8,분식,132
일요일,8,피자양식,111
일요일,8,일식돈까스,95
일요일,8,회초밥,56
일요일,8,치킨,48
일요일,8,야식,30
일요일,8,아시안,17
일요일,8,족발보쌈,16
일요일,8,중식,7
일요일,8,도시락죽,2
일요일,9,한식,1662
일요일,9,버거,1168
일요일,9,찜탕,802
일요일,9,분식,783
일요일,9,카페디저트,573
일요일,9,피자양식,293
일요일,9,일식돈까스,227
일요일,9,치킨,198
일요일,9,야식,153
일요일,9,회초밥,107
일요일,9,중식,57
일요일,9,아시안,47
일요일,9,족발보쌈,45
일요일,9,도시락죽,37
일요일,10,한식,5098
일요일,10,카페디저트,4604
일요일,10,버거,4400
일요일,10,분식,3533
일요일,10,찜탕,2228
일요일,10,일식돈까스,938
일요일,10,치킨,824
일요일,10,중식,775
일요일,10,아시안,657
일요일,10,피자양식,607
일요일,10,족발보쌈,529
일요일,10,도시락죽,396
일요일,10,야식,319
일요일,10,회초밥,265
일요일,11,한식,18432
일요일,11,분식,15377
일요일,11,카페디저트,10741
일요일,11,버거,10189
일요일,11,찜탕,6571
일요일,11,중식,6519
일요일,11,일식돈까스,5758
일요일,11,피자양식,4832
일요일,11,치킨,4325
일요일,11,아시안,3686
일요일,11,족발보쌈,3029
일요일,11,도시락죽,1135
일요일,11,야식,925
일요일,11,회초밥,591
일요일,12,한식,23771
일요일,12,분식,20333
일요일,12,버거,13370
일요일,12,카페디저트,13125
일요일,12,치킨,11710
일요일,12,중식,8706
일요일,12,일식돈까스,8656
일요일,12,피자양식,8034
일요일,12,찜탕,6967
일요일,12,아시안,5351
일요일,12,족발보쌈,4966
일요일,12,야식,1394
일요일,12,도시락죽,1167
일요일,12,회초밥,966
일요일,13,한식,20800
일요일,13,분식,19282
일요일,13,카페디저트,15259
일요일,13,버거,13276
일요일,13,치킨,13146
일요일,13,피자양식,8031
일요일,13,중식,7719
일요일,13,일식돈까스,7564
일요일,13,찜탕,5639
일요일,13,아시안,5054
일요일,13,족발보쌈,4585
일요일,13,야식,1434
일요일,13,회초밥,1049
일요일,13,도시락죽,1017
일요일,14,분식,16755
일요일,14,카페디저트,16611
일요일,14,한식,15791
일요일,14,치킨,13242
일요일,14,버거,11926
일요일,14,피자양식,7252
일요일,14,일식돈까스,5875
일요일,14,중식,5185
일요일,14,족발보쌈,4367
일요일,14,찜탕,4216
일요일,14,아시안,3917
일요일,14,야식,1361
일요일,14,회초밥,928
일요일,14,도시락죽,807
일요일,15,카페디저트,16412
일요일,15,치킨,16219
일요일,15,분식,14919
일요일,15,한식,13061
일요일,15,버거,10445
일요일,15,피자양식,6718
일요일,15,족발보쌈,5078
일요일,15,일식돈까스,4512
일요일,15,중식,3756
일요일,15,찜탕,3651
일요일,15,아시안,3098
일요일,15,야식,1783
일요일,15,회초밥,1154
일요일,15,도시락죽,644
일요일,16,치킨,26032
일요일,16,분식,16590
일요일,16,카페디저트,14887
일요일,16,한식,14829
일요일,16,족발보쌈,9912
일요일,16,버거,9414
일요일,16,피자양식,7776
일요일,16,찜탕,5115
일요일,16,일식돈까스,4604
일요일,16,중식,4104
일요일,16,야식,3325
일요일,16,아시안,2660
일요일,16,회초밥,2019
일요일,16,도시락죽,739
일요일,17,치킨,46551
일요일,17,한식,26190
일요일,17,분식,23330
일요일,17,족발보쌈,21805
일요일,17,카페디저트,14591
일요일,17,피자양식,11930
일요일,17,버거,10959
일요일,17,찜탕,10009
일요일,17,일식돈까스,8746
일요일,17,중식,6839
일요일,17,야식,6738
일요일,17,아시안,4425
일요일,17,회초밥,4250
일요일,17,도시락죽,896
일요일,18,치킨,64681
일요일,18,한식,34937
일요일,18,분식,29143
일요일,18,족발보쌈,28642
일요일,18,피자양식,15779
일요일,18,카페디저트,15337
일요일,18,버거,12939
일요일,18,찜탕,12262
일요일,18,일식돈까스,11499
일요일,18,야식,10171
일요일,18,중식,8623
일요일,18,아시안,5684
일요일,18,회초밥,5607
일요일,18,도시락죽,1020
일요일,19,치킨,58543
일요일,19,한식,29341
일요일,19,분식,24302
일요일,19,족발보쌈,21536
일요일,19,카페디저트,16897
일요일,19,피자양식,13488
일요일,19,버거,11693
일요일,19,야식,9599
일요일,19,일식돈까스,9392
일요일,19,찜탕,9361
일요일,19,중식,6091
일요일,19,아시안,5016
일요일,19,회초밥,4890
일요일,19,도시락죽,838
일요일,20,치킨,45923
일요일,20,한식,18883
일요일,20,카페디저트,16587
일요일,20,분식,16359
일요일,20,족발보쌈,13370
일요일,20,피자양식,9653
일요일,20,버거,9413
일요일,20,야식,7882
일요일,20,일식돈까스,6181
일요일,20,찜탕,5421
일요일,20,중식,3744
일요일,20,회초밥,3740
일요일,20,아시안,3305
일요일,20,도시락죽,498
일요일,21,치킨,38133
일요일,21,카페디저트,13413
일요일,21,한식,12179
일요일,21,분식,11390
일요일,21,족발보쌈,8906
일요일,21,피자양식,7320
일요일,21,야식,7053
일요일,21,버거,6918
일요일,21,일식돈까스,3162
일요일,21,찜탕,3123
일요일,21,회초밥,3048
일요일,21,중식,2370
일요일,21,아시안,1851
일요일,21,도시락죽,318
일요일,22,치킨,29206
일요일,22,한식,7738
일요일,22,분식,6986
일요일,22,족발보쌈,6324
일요일,22,야식,6121
일요일,22,카페디저트,5258
일요일,22,피자양식,5182
일요일,22,버거,4108
일요일,22,회초밥,2327
일요일,22,일식돈까스,1893
일요일,22,찜탕,1734
일요일,22,중식,1381
일요일,22,아시안,1035
일요일,22,도시락죽,122
일요일,23,치킨,18385
일요일,23,야식,4398
일요일,23,한식,4255
일요일,23,족발보쌈,3935
일요일,23,분식,3302
일요일,23,피자양식,3291
일요일,23,버거,1781
일요일,23,회초밥,1507
일요일,23,카페디저트,1381
일요일,23,일식돈까스,1234
일요일,23,찜탕,791
일요일,23,중식,776
일요일,23,아시안,499
일요일,23,도시락죽,55
토요일,0,치킨,12320
토요일,0,야식,3714
토요일,0,족발보쌈,2949
토요일,0,한식,2190
토요일,0,피자양식,2027
토요일,0,분식,2004
토요일,0,회초밥,1145
토요일,0,일식돈까스,877
토요일,0,버거,597
토요일,0,찜탕,514
토요일,0,카페디저트,500
토요일,0,중식,453
토요일,0,아시안,223
토요일,0,도시락죽,39
토요일,1,치킨,6029
토요일,1,야식,1879
토요일,1,족발보쌈,1332
토요일,1,한식,1212
토요일,1,피자양식,1179
토요일,1,분식,913
토요일,1,일식돈까스,445
토요일,1,회초밥,440
토요일,1,카페디저트,284
토요일,1,찜탕,276
토요일,1,버거,265
토요일,1,중식,209
토요일,1,아시안,101
토요일,1,도시락죽,38
토요일,2,치킨,2038
토요일,2,야식,840
토요일,2,한식,711
토요일,2,족발보쌈,536
토요일,2,피자양식,473
토요일,2,분식,368
토요일,2,회초밥,160
토요일,2,찜탕,158
토요일,2,버거,143
토요일,2,카페디저트,134
토요일,2,일식돈까스,132
토요일,2,중식,57
토요일,2,도시락죽,29
토요일,2,아시안,10
토요일,3,치킨,531
토요일,3,한식,417
토요일,3,야식,409
토요일,3,찜탕,144
토요일,3,피자양식,124
토요일,3,족발보쌈,122
토요일,3,분식,107
토요일,3,회초밥,99
토요일,3,버거,98
토요일,3,카페디저트,81
토요일,3,일식돈까스,45
토요일,3,중식,31
토요일,3,아시안,11
토요일,4,한식,309
토요일,4,치킨,284
토요일,4,야식,266
토요일,4,찜탕,118
토요일,4,피자양식,96
토요일,4,버거,93
토요일,4,분식,91
토요일,4,회초밥,68
토요일,4,족발보쌈,50
토요일,4,카페디저트,48
토요일,4,일식돈까스,29
토요일,4,아시안,15
토요일,5,한식,306
토요일,5,치킨,195
토요일,5,야식,115
토요일,5,찜탕,101
토요일,5,버거,87
토요일,5,피자양식,86
토요일,5,분식,65
토요일,5,카페디저트,40
토요일,5,회초밥,33
토요일,5,족발보쌈,25
토요일,5,일식돈까스,23
토요일,5,아시안,2
토요일,6,한식,375
토요일,6,찜탕,148
토요일,6,피자양식,98
토요일,6,치킨,94
토요일,6,버거,74
토요일,6,분식,66
토요일,6,야식,61
토요일,6,카페디저트,53
토요일,6,일식돈까스,29
토요일,6,회초밥,27
토요일,6,족발보쌈,12
토요일,6,아시안,2
토요일,7,한식,415
토요일,7,찜탕,189
토요일,7,피자양식,116
토요일,7,버거,105
토요일,7,분식,77
토요일,7,카페디저트,66
토요일,7,치킨,57
토요일,7,일식돈까스,44
토요일,7,야식,25
토요일,7,회초밥,24
토요일,7,족발보쌈,10
토요일,7,아시안,7
토요일,8,한식,618
토요일,8,찜탕,292
토요일,8,버거,248
토요일,8,분식,134
토요일,8,카페디저트,131
토요일,8,피자양식,96
토요일,8,일식돈까스,85
토요일,8,치킨,57
토요일,8,회초밥,55
토요일,8,야식,31
토요일,8,아시안,23
토요일,8,족발보쌈,13
토요일,8,도시락죽,3
토요일,8,중식,3
토요일,9,한식,1540
토요일,9,버거,1200
토요일,9,분식,827
토요일,9,찜탕,658
토요일,9,카페디저트,635
토요일,9,일식돈까스,225
토요일,9,피자양식,224
토요일,9,치킨,191
토요일,9,야식,127
토요일,9,회초밥,77
토요일,9,도시락죽,65
토요일,9,아시안,47
토요일,9,중식,38
토요일,9,족발보쌈,30
토요일,10,카페디저트,4603
토요일,10,한식,4509
토요일,10,버거,4469
토요일,10,분식,3544
토요일,10,찜탕,1719
토요일,10,일식돈까스,942
토요일,10,치킨,711
토요일,10,도시락죽,668
토요일,10,중식,578
토요일,10,아시안,554
토요일,10,족발보쌈,463
토요일,10,피자양식,445
토요일,10,야식,260
토요일,10,회초밥,243
토요일,11,한식,17137
토요일,11,분식,16010
토요일,11,버거,10729
토요일,11,카페디저트,9906
토요일,11,일식돈까스,5897
토요일,11,중식,5495
토요일,11,찜탕,5439
토요일,11,피자양식,4171
토요일,11,치킨,3850
토요일,11,아시안,3559
토요일,11,족발보쌈,2516
토요일,11,도시락죽,2066
토요일,11,야식,747
토요일,11,회초밥,516
토요일,12,한식,21585
토요일,12,분식,20631
토요일,12,버거,13487
토요일,12,카페디저트,11173
토요일,12,치킨,10700
토요일,12,일식돈까스,8515
토요일,12,중식,7784
토요일,12,피자양식,6895
토요일,12,찜탕,5737
토요일,12,아시안,5019
토요일,12,족발보쌈,4183
토요일,12,도시락죽,2346
토요일,12,야식,1170
토요일,12,회초밥,811
토요일,13,분식,18575
토요일,13,한식,17846
토요일,13,카페디저트,12659
토요일,13,버거,12524
토요일,13,치킨,11396
토요일,13,일식돈까스,7279
토요일,13,중식,6578
토요일,13,피자양식,6243
토요일,13,아시안,4445
토요일,13,찜탕,4339
토요일,13,족발보쌈,3872
토요일,13,도시락죽,1682
토요일,13,야식,1250
토요일,13,회초밥,847
토요일,14,분식,14893
토요일,14,한식,13552
토요일,14,카페디저트,13253
토요일,14,치킨,11135
토요일,14,버거,10407
토요일,14,일식돈까스,5394
토요일,14,피자양식,5326
토요일,14,중식,4295
토요일,14,아시안,3445
토요일,14,족발보쌈,3444
토요일,14,찜탕,3418
토요일,14,도시락죽,1187
토요일,14,야식,1179
토요일,14,회초밥,823
토요일,15,카페디저트,13001
토요일,15,치킨,12990
토요일,15,분식,12967
토요일,15,한식,10803
토요일,15,버거,8748
토요일,15,피자양식,4772
토요일,15,일식돈까스,4135
토요일,15,족발보쌈,3734
토요일,15,중식,3088
토요일,15,찜탕,2850
토요일,15,아시안,2400
토요일,15,야식,1478
토요일,15,회초밥,1072
토요일,15,도시락죽,923
토요일,16,치킨,19634
토요일,16,분식,13641
토요일,16,카페디저트,12152
토요일,16,한식,11451
토요일,16,족발보쌈,8114
토요일,16,버거,7685
토요일,16,피자양식,5484
토요일,16,일식돈까스,4074
토요일,16,찜탕,3980
토요일,16,중식,3225
토요일,16,야식,2731
토요일,16,아시안,2145
토요일,16,회초밥,2038
토요일,16,도시락죽,956
토요일,17,치킨,39270
토요일,17,한식,20168
토요일,17,족발보쌈,19778
토요일,17,분식,19757
토요일,17,카페디저트,11739
토요일,17,피자양식,8780
토요일,17,버거,8536
토요일,17,찜탕,8249
토요일,17,일식돈까스,7801
토요일,17,야식,6147
토요일,17,중식,5557
토요일,17,회초밥,4747
토요일,17,아시안,3630
토요일,17,도시락죽,1201
토요일,18,치킨,59752
토요일,18,족발보쌈,30100
토요일,18,한식,29778
토요일,18,분식,26008
토요일,18,카페디저트,12911
토요일,18,피자양식,12772
토요일,18,찜탕,11079
토요일,18,일식돈까스,10740
토요일,18,야식,10517
토요일,18,버거,10373
토요일,18,중식,7563
토요일,18,회초밥,6847
토요일,18,아시안,4683
토요일,18,도시락죽,1383
토요일,19,치킨,61065
토요일,19,한식,26903
토요일,19,족발보쌈,25944
토요일,19,분식,23492
토요일,19,카페디저트,15365
토요일,19,피자양식,12064
토요일,19,야식,11027
토요일,19,일식돈까스,9871
토요일,19,버거,9769
토요일,19,찜탕,9154
토요일,19,회초밥,6625
토요일,19,중식,6079
토요일,19,아시안,4379
토요일,19,도시락죽,991
토요일,20,치킨,52149
토요일,20,한식,19140
토요일,20,족발보쌈,17638
토요일,20,카페디저트,17556
토요일,20,분식,17323
토요일,20,야식,9925
토요일,20,피자양식,9538
토요일,20,버거,8073
토요일,20,일식돈까스,6800
토요일,20,찜탕,5893
토요일,20,회초밥,5523
토요일,20,중식,4043
토요일,20,아시안,3112
토요일,20,도시락죽,516
토요일,21,치킨,46467
토요일,21,카페디저트,15770
토요일,21,한식,13221
토요일,21,분식,12793
토요일,21,족발보쌈,12788
토요일,21,야식,9380
토요일,21,피자양식,7934
토요일,21,버거,6189
토요일,21,회초밥,4785
토요일,21,일식돈까스,3937
토요일,21,찜탕,3618
토요일,21,중식,2743
토요일,21,아시안,1807
토요일,21,도시락죽,322
토요일,22,치킨,40087
토요일,22,족발보쌈,9563
토요일,22,한식,9022
토요일,22,야식,8872
토요일,22,분식,8342
토요일,22,카페디저트,7192
토요일,22,피자양식,6314
토요일,22,버거,3871
토요일,22,회초밥,3791
토요일,22,일식돈까스,2478
토요일,22,찜탕,1997
토요일,22,중식,1801
토요일,22,아시안,1062
토요일,22,도시락죽,140
토요일,23,치킨,27233
토요일,23,야식,6557
토요일,23,족발보쌈,5808
토요일,23,한식,5490
토요일,23,분식,4135
토요일,23,피자양식,4090
토요일,23,회초밥,2522
토요일,23,카페디저트,2008
토요일,23,버거,1879
토요일,23,일식돈까스,1628
토요일,23,중식,1192
토요일,23,찜탕,1012
토요일,23,아시안,518
토요일,23,도시락죽,68
화요일,0,치킨,9284
화요일,0,야식,2807
화요일,0,족발보쌈,2065
화요일,0,한식,1911
화요일,0,분식,1740
화요일,0,피자양식,1505
화요일,0,회초밥,733
화요일,0,일식돈까스,618
화요일,0,버거,524
화요일,0,찜탕,361
화요일,0,카페디저트,337
화요일,0,중식,288
화요일,0,아시안,225
화요일,0,도시락죽,32
화요일,1,치킨,4915
화요일,1,야식,1530
화요일,1,족발보쌈,1086
화요일,1,한식,1025
화요일,1,분식,941
화요일,1,피자양식,807
화요일,1,일식돈까스,380
화요일,1,회초밥,321
화요일,1,찜탕,268
화요일,1,버거,249
화요일,1,카페디저트,218
화요일,1,중식,129
화요일,1,아시안,89
화요일,1,도시락죽,37
화요일,2,치킨,1784
화요일,2,야식,788
화요일,2,한식,667
화요일,2,족발보쌈,410
화요일,2,피자양식,388
화요일,2,분식,365
화요일,2,찜탕,164
화요일,2,버거,150
화요일,2,회초밥,136
화요일,2,카페디저트,122
화요일,2,일식돈까스,117
화요일,2,중식,47
화요일,2,도시락죽,41
화요일,2,아시안,18
화요일,3,치킨,470
화요일,3,한식,394
화요일,3,야식,388
화요일,3,찜탕,121
화요일,3,피자양식,120
화요일,3,회초밥,106
화요일,3,분식,101
화요일,3,족발보쌈,88
화요일,3,카페디저트,74
화요일,3,버거,72
화요일,3,일식돈까스,49
화요일,3,중식,22
화요일,3,아시안,4
화요일,4,한식,332
화요일,4,야식,282
화요일,4,치킨,230
화요일,4,분식,99
화요일,4,버거,99
화요일,4,찜탕,94
화요일,4,피자양식,82
화요일,4,회초밥,70
화요일,4,카페디저트,43
화요일,4,일식돈까스,37
화요일,4,족발보쌈,36
화요일,4,도시락죽,2
화요일,4,아시안,2
화요일,5,한식,287
화요일,5,치킨,171
화요일,5,찜탕,119
화요일,5,버거,95
화요일,5,야식,88
화요일,5,피자양식,79
화요일,5,분식,52
화요일,5,회초밥,44
화요일,5,카페디저트,34
화요일,5,일식돈까스,29
화요일,5,족발보쌈,24
화요일,5,아시안,2
화요일,5,도시락죽,1
화요일,6,한식,336
화요일,6,찜탕,114
화요일,6,치킨,97
화요일,6,버거,89
화요일,6,피자양식,70
화요일,6,분식,51
화요일,6,야식,42
화요일,6,일식돈까스,41
화요일,6,회초밥,37
화요일,6,카페디저트,32
화요일,6,족발보쌈,13
화요일,6,도시락죽,2
화요일,6,아시안,1
화요일,7,한식,323
화요일,7,찜탕,193
화요일,7,피자양식,103
화요일,7,치킨,78
화요일,7,버거,78
화요일,7,분식,75
화요일,7,일식돈까스,59
화요일,7,카페디저트,46
화요일,7,야식,26
화요일,7,회초밥,22
화요일,7,족발보쌈,16
화요일,7,아시안,2
화요일,7,도시락죽,1
화요일,8,한식,458
화요일,8,찜탕,252
화요일,8,버거,198
화요일,8,카페디저트,125
화요일,8,피자양식,114
화요일,8,일식돈까스,110
화요일,8,분식,94
화요일,8,치킨,44
화요일,8,야식,37
화요일,8,회초밥,30
화요일,8,족발보쌈,14
화요일,8,아시안,13
화요일,8,중식,5
화요일,9,한식,1040
화요일,9,버거,736
화요일,9,카페디저트,549
화요일,9,분식,544
화요일,9,찜탕,454
화요일,9,일식돈까스,203
화요일,9,피자양식,191
화요일,9,야식,124
화요일,9,치킨,106
화요일,9,도시락죽,78
화요일,9,회초밥,50
화요일,9,아시안,44
화요일,9,족발보쌈,39
화요일,9,중식,25
화요일,10,한식,3489
화요일,10,카페디저트,3357
화요일,10,버거,2968
화요일,10,분식,2747
화요일,10,찜탕,1134
화요일,10,도시락죽,759
화요일,10,일식돈까스,747
화요일,10,치킨,466
화요일,10,아시안,424
화요일,10,피자양식,323
화요일,10,족발보쌈,274
화요일,10,중식,268
화요일,10,야식,176
화요일,10,회초밥,145
화요일,11,한식,16378
화요일,11,분식,16328
화요일,11,버거,9152
화요일,11,카페디저트,9043
화요일,11,일식돈까스,5912
화요일,11,찜탕,4473
화요일,11,중식,4332
화요일,11,도시락죽,3094
화요일,11,피자양식,3020
화요일,11,아시안,3013
화요일,11,치킨,2785
화요일,11,족발보쌈,2196
화요일,11,야식,679
화요일,11,회초밥,440
화요일,12,한식,18998
화요일,12,분식,18389
화요일,12,버거,10551
화요일,12,카페디저트,9876
화요일,12,일식돈까스,7531
화요일,12,치킨,7029
화요일,12,중식,5420
화요일,12,피자양식,4677
화요일,12,찜탕,4178
화요일,12,아시안,4173
화요일,12,족발보쌈,2923
화요일,12,도시락죽,2827
화요일,12,야식,1014
화요일,12,회초밥,569
화요일,13,분식,13047
화요일,13,한식,12482
화요일,13,카페디저트,10006
화요일,13,버거,8438
화요일,13,치킨,6888
화요일,13,일식돈까스,5443
화요일,13,중식,3718
화요일,13,피자양식,3534
화요일,13,아시안,3010
화요일,13,찜탕,2638
화요일,13,족발보쌈,2121
화요일,13,도시락죽,1635
화요일,13,야식,924
화요일,13,회초밥,506
화요일,14,카페디저트,9726
화요일,14,분식,9580
화요일,14,한식,8764
화요일,14,버거,7109
화요일,14,치킨,6476
화요일,14,일식돈까스,3676
화요일,14,피자양식,3016
화요일,14,중식,2451
화요일,14,아시안,2104
화요일,14,찜탕,1963
화요일,14,족발보쌈,1744
화요일,14,도시락죽,1347
화요일,14,야식,794
화요일,14,회초밥,443
화요일,15,카페디저트,9739
화요일,15,분식,8537
화요일,15,치킨,7875
화요일,15,한식,7077
화요일,15,버거,6272
화요일,15,피자양식,3074
화요일,15,일식돈까스,2835
화요일,15,족발보쌈,1994
화요일,15,중식,1835
화요일,15,찜탕,1684
화요일,15,아시안,1643
화요일,15,도시락죽,1487
화요일,15,야식,979
화요일,15,회초밥,512
화요일,16,치킨,11727
화요일,16,분식,10337
화요일,16,카페디저트,9196
화요일,16,한식,8090
화요일,16,버거,6426
화요일,16,족발보쌈,3780
화요일,16,피자양식,3573
화요일,16,일식돈까스,2903
화요일,16,찜탕,2252
화요일,16,중식,1908
화요일,16,야식,1670
화요일,16,도시락죽,1538
화요일,16,아시안,1479
화요일,16,회초밥,767
화요일,17,치킨,26267
화요일,17,분식,15931
화요일,17,한식,15077
화요일,17,족발보쌈,10182
화요일,17,카페디저트,9103
화요일,17,버거,8103
화요일,17,일식돈까스,5899
화요일,17,피자양식,5749
화요일,17,찜탕,4996
화요일,17,야식,3799
화요일,17,중식,3670
화요일,17,아시안,2756
화요일,17,회초밥,1958
화요일,17,도시락죽,1906
화요일,18,치킨,49280
화요일,18,한식,26056
화요일,18,분식,24159
화요일,18,족발보쌈,20629
화요일,18,카페디저트,10938
화요일,18,버거,10515
화요일,18,피자양식,9914
화요일,18,일식돈까스,9698
화요일,18,찜탕,8381
화요일,18,야식,8064
화요일,18,중식,6071
화요일,18,아시안,4246
화요일,18,회초밥,3665
화요일,18,도시락죽,2193
화요일,19,치킨,54064
화요일,19,한식,26252
화요일,19,분식,23040
화요일,19,족발보쌈,20862
화요일,19,카페디저트,11706
화요일,19,피자양식,10240
화요일,19,버거,10223
화요일,19,일식돈까스,9441
화요일,19,야식,9006
화요일,19,찜탕,7421
화요일,19,중식,5583
화요일,19,회초밥,4175
화요일,19,아시안,4076
화요일,19,도시락죽,1523
화요일,20,치킨,43300
화요일,20,한식,17546
화요일,20,분식,15443
화요일,20,족발보쌈,13465
화요일,20,카페디저트,11224
화요일,20,피자양식,8014
화요일,20,버거,7700
화요일,20,야식,7461
화요일,20,일식돈까스,6228
화요일,20,찜탕,4564
화요일,20,회초밥,3354
화요일,20,중식,3295
화요일,20,아시안,2704
화요일,20,도시락죽,638
화요일,21,치킨,35678
화요일,21,한식,10903
화요일,21,분식,10320
화요일,21,카페디저트,9518
화요일,21,족발보쌈,9334
화요일,21,야식,6394
화요일,21,피자양식,6241
화요일,21,버거,5468
화요일,21,일식돈까스,3147
화요일,21,회초밥,2930
화요일,21,찜탕,2689
화요일,21,중식,2113
화요일,21,아시안,1445
화요일,21,도시락죽,318
화요일,22,치킨,29698
화요일,22,한식,7137
화요일,22,족발보쌈,7075
화요일,22,분식,6483
화요일,22,야식,5899
화요일,22,피자양식,4626
화요일,22,카페디저트,4366
화요일,22,버거,3480
화요일,22,회초밥,2314
화요일,22,일식돈까스,1860
화요일,22,찜탕,1565
화요일,22,중식,1235
화요일,22,아시안,898
화요일,22,도시락죽,110
화요일,23,치킨,19492
화요일,23,야식,4417
화요일,23,족발보쌈,4388
화요일,23,한식,4090
화요일,23,분식,3133
화요일,23,피자양식,3131
화요일,23,버거,1610
화요일,23,회초밥,1520
화요일,23,일식돈까스,1231
화요일,23,카페디저트,1165
화요일,23,중식,842
화요일,23,찜탕,742
화요일,23,아시안,469
화요일,23,도시락죽,70
